Eid,Lid
vv16aZAr6AaZA86Fee,KovZpZAEAl6A-1
vvG1iZ4gUsesPj,KovZpZAEd1IA-2
vv170ZpeGkl5u77h,KovZpZAEAl6A-3
vv1ke8v9P_GA1Qxqo,KovZpa3uCe-4
Z7r9jZ1AejdvP,ZFr9jZekAA-5
vvG1iZp7bKOkki,KovZpZAF6EaA-8
vv1AaZA-_GkdTTUVW,KovZpZAJvttA-9
vvG1iZ4zSNmVvn,KovZpZAJvnvA-10
Z7r9jZ1Ae0xaw,ZFr9jZekAA-11
vvG1iZ4ImlwSu4,KovZpZAEd1IA-12
Z7r9jZ1AeO6a_,Z6r9jZ6Fde-13
vvG1iZ4nhMLNKf,KovZpa3uie-14
vv170Z4UGkmJvAnQ,KovZpZAEAl6A-15
vvG1iZ4gMkJozQ,KovZpZAEd1IA-16
vv1AaZA-6GkdP79PV,KovZpZAEA67A-17
Z7r9jZ1Ae-V3A,Z7r9jZae0Q-18
Z7r9jZ1AeOwGz,ZFr9jZeFAd-19
Z7r9jZ1AePoaS,ZFr9jZe6vA-20
vv1F0ZpAFdugZduG7,KovZpZAJvttA-21
Z7r9jZ1Aeqdq4,Zkr9jZd7eq-23
vv170ZpdGkSLVga9,KovZpZAEAlaA-24
vv16aZA-potZA8F28k,KovZpZAEAlaA-25
Z7r9jZ1Ae-J3v,ZFr9jZ6dAF-26
vv1AaZAq4GkdnIgUo,KovZpZAEA67A-27
vvG1iZpk3ieJJF,KovZpZAF6EaA-28
vv1AaZA-0GkdyS6aq,KovZpZAallkA-29
vvG1iZpeDLadBc,KovZpa3uie-30
vv170ZpdGkmy7dit,KovZpZA77elA-31
vv1ke8vbfsGAu8ku6,KovZpZAEAlaA-32
Z7r9jZ1Ae0ab-,ZFr9jZk7d6-33
vv1AaZA-kGkdwXpTY,KovZpZAEAl6A-35
vv1k0ZpAG9G7VJae,KovZpZAEAlaA-36
vvG1iZ4mpekv3h,KovZpZAFAtkA-37
vv170Z4UGkTgLkW9,KovZpZAEA67A-38
Z7r9jZ1Aex7jx,ZFr9jZeA6a-39
vvG1iZp7S9fgib,KovZ917ACN0-40
vv1AaZA-fGkePGSb0,KovZpa3uCe-41
vv1k0Zp77FG7l0WL,KovZpZAF6JkA-42
vv1AaZAq-GkdsXAUp,KovZpZAF6JkA-43
vv170Zp7Gkn2wSe5,KovZpZAEAlaA-44
vv1AaZA-KGkdzZgmS,KovZpa3uCe-45
Z7r9jZ1AexvAO,Z6r9jZFdee-47
vv170ZpdGkz-9U--,KovZpZAEA67A-48
vv1AaZA-bGkdjuJNL,KovZpZAEAl6A-49
vvG1iZ4ER5HSrU,KovZpa3uie-50
vvG1iZ4MKDUwP7,KovZpZAF6EaA-51
vv1AaZAqwGkdkFgBW,KovZpZAF6JkA-53
vv1AaZA-kGkdrek-B,KovZpa3uCe-54
vv1AaZA-oGkdQK0X2,KovZpZAEAl6A-56
vvG10Z4lUnlxD-,KovZpa3uCe-57
vvG1IZ4gdcN7_D,KovZpZA1vvlA-58
vvG1iZ4MJtHoBR,KovZpZAFFvIA-59
vv1AaZA--GketS3wP,KovZpZAEA67A-60
Z7r9jZ1Ae-d4t,ZFr9jZeaF7-61
Z7r9jZ1Ae088s,ZFr9jZaAv1-63
Z7r9jZ1AePk_F,ZFr9jZdF1d-67
vv1aaZAOV0JjpZeGF,KovZpZAaaaEA-68
Z7r9jZ1Ae04q_,ZFr9jZeFAd-69
vv1AaZAOsGkewseWG,KovZpa3uCe-72
vv1AaZA-7GkdTJp1Q,KovZpZAF6JkA-73
Z7r9jZ1AexAoO,Z6r9jZ76ve-74
Z7r9jZ1Ae-VZ6,ZFr9jZeA6a-75
vvG1iZp7DHvpfZ,KovZpZAEA6lA-76
Z7r9jZ1AexfrK,Z6r9jZFdee-79
vvG1iZpdxKAS5g,KovZpZAFFvIA-80
Z7r9jZ1Ae0UGy,Z6r9jZ6Fde-81
Z7r9jZ1Ae0yvU,ZFr9jZevvA-82
Z7r9jZ1Aex338,ZFr9jZed1a-83
Z7r9jZ1Ae-0uo,Z6r9jZF1Ae-86
vv1AaZA-0GkdzrMF8,KovZpZAallkA-87
vv1k0Zpd0OG7mkgt,KovZpZAEA67A-88
Z7r9jZ1Ae0x8I,Z6r9jZAF6e-89
vvG1iZpdNK9fs_,KovZpZAEA6lA-90
vvG1iZ4zMRWPFD,KovZpa3uie-91
vv1ke8vbCfGA25EpL,KovZpZAF6JkA-92
Z7r9jZ1Ae0k4S,Z6r9jZFdee-93
Z7r9jZ1AexZZF,ZFr9jZ1a16-94
vv170ZpdGkTQKUzX,KovZpZAF6JkA-95
Z7r9jZ1AeOYFt,ZFr9jZeaF7-96
Z7r9jZ1AePIut,ZFr9jZke7a-99
vvG1iZpddIJf6d,KovZpa3uie-100
vvG1iZperQkswr,KovZpZAE7dFA-101
vvG1iZ4YkCnvs6,KovZpZAE7dFA-102
vvG1iZpkQcw0n7,KovZpZAEA6FA-103
vv1AaZArdGkd5NgC8,KovZpZAdtaEA-105
Z7r9jZ1AexZ7s,ZFr9jZke7a-108
Z7r9jZ1Ae0auz,ZFr9jZd7ve-109
vv170Z4yGknibeik,KovZpZAEA67A-110
vv1AaZA-bGkdEAUne,KovZpa3uxe-113
vv1AaZAOsGkdP409Q,KovZpZAJE1vA-114
vvG1iZpdeBvKJl,KovZpa3uie-115
vv1AaZAOJGkdYlSTf,KovZpZAEAlaA-117
Z7r9jZ1Ae-su9,ZFr9jZeFAd-118
Z7r9jZ1Aexa0b,ZFr9jZ6dAF-119
Z7r9jZ1Ae06_N,ZFr9jZaFeF-124
vv1ke8vbo_GA1Bd5c,KovZpZAJE1vA-126
vv170Zp7GkH3UM10,KovZpZAEAl6A-130
vv1AaZArfGkdC14P7,KovZ917ALgx-131
Z7r9jZ1AePSfP,ZFr9jZedAe-133
vvG1iZpdM4C0xJ,KovZpZAFFvIA-134
vvG1iZpAJSTV0b,KovZpZAFFvIA-135
Z7r9jZ1AePSoM,ZFr9jZedAe-136
vv1AaZArkGkd_Fp3d,KovZpZAdtaEA-137
vv1ke8vb38GAuQ71C,KovZpZAEA67A-138
vv170Zp7GkBPi0OV,KovZpZAF6JkA-139
vv1AaZA-PGkezkVzC,KovZpa3uCe-143
Z7r9jZ1AexZx7,Z6r9jZkv7e-145
vvG1iZpeLK-wbt,KovZpZAEA6lA-147
vv1AaZA-_GkdpoPU1,KovZpZAF6JkA-148
vvG1iZ4zJLFxUx,KovZpZAdJIeA-153
vvG1iZpdxKOdGx,KovZpZAFFvIA-155
vvG1iZp7Tg2fVl,KovZpZAEA6FA-157
Z7r9jZ1AeJ6bF,Z7r9jZadbo-158
vv170ZpdGkSR64pr,KovZ917AOKx-159
vv170ZpAGkYuGEcu,KovZ917AGff-160
vvG1iZ4ISwmVIJ,KovZpZAE7dFA-161
vv170Zp7GknrHdmt,KovZ917AGff-162
vv170ZpdGkMlag63,KovZpZAEl6JA-163
vv1AaZAqJGkeltKCY,KovZ917ALgx-168
vv170Z4zGkMYJzGp,KovZ917A8p0-169
vvG1iZpdM1VfpP,KovZpZAEd1IA-170
vv16aZAOsZvZACkAk6,KovZpa3uxe-179
Z7r9jZ1AeOzPN,Z6r9jZ76ve-180
vv1k0ZpA8dG7UJpo,KovZpZAEAl6A-181
vv1AaZA-kGkdGVkZ6,KovZpZAF6JkA-184
vvG1iZpAJUefJU,KovZpZAFFvIA-185
vvG1iZ4Vn6XoRO,KovZpZAJed6A-186
vvG1iZpkMlc7VL,KovZpZAEd1IA-187
vvG1iZ4MCjR-fc,KovZpZAJed6A-188
