Eid,time_serial
vv16aZAr6AaZA86Fee,lz1-vv16aZAr6AaZA86Fee
vvG1iZ4gUsesPj,lz2-vvG1iZ4gUsesPj
vv170ZpeGkl5u77h,lz3-vv170ZpeGkl5u77h
vv1ke8v9P_GA1Qxqo,lz4-vv1ke8v9P_GA1Qxqo
Z7r9jZ1AejdvP,lz5-Z7r9jZ1AejdvP
vvG1iZp7bKOkki,lz8-vvG1iZp7bKOkki
vv1AaZA-_GkdTTUVW,lz9-vv1AaZA-_GkdTTUVW
vvG1iZ4zSNmVvn,lz10-vvG1iZ4zSNmVvn
Z7r9jZ1Ae0xaw,lz11-Z7r9jZ1Ae0xaw
vvG1iZ4ImlwSu4,lz12-vvG1iZ4ImlwSu4
Z7r9jZ1AeO6a_,lz13-Z7r9jZ1AeO6a_
vvG1iZ4nhMLNKf,lz14-vvG1iZ4nhMLNKf
vv170Z4UGkmJvAnQ,lz15-vv170Z4UGkmJvAnQ
vvG1iZ4gMkJozQ,lz16-vvG1iZ4gMkJozQ
vv1AaZA-6GkdP79PV,lz17-vv1AaZA-6GkdP79PV
Z7r9jZ1Ae-V3A,lz18-Z7r9jZ1Ae-V3A
Z7r9jZ1AeOwGz,lz19-Z7r9jZ1AeOwGz
Z7r9jZ1AePoaS,lz20-Z7r9jZ1AePoaS
vv1F0ZpAFdugZduG7,lz21-vv1F0ZpAFdugZduG7
Z7r9jZ1Aeqdq4,lz23-Z7r9jZ1Aeqdq4
vv170ZpdGkSLVga9,lz24-vv170ZpdGkSLVga9
vv16aZA-potZA8F28k,lz25-vv16aZA-potZA8F28k
Z7r9jZ1Ae-J3v,lz26-Z7r9jZ1Ae-J3v
vv1AaZAq4GkdnIgUo,lz27-vv1AaZAq4GkdnIgUo
vvG1iZpk3ieJJF,lz28-vvG1iZpk3ieJJF
vv1AaZA-0GkdyS6aq,lz29-vv1AaZA-0GkdyS6aq
vvG1iZpeDLadBc,lz30-vvG1iZpeDLadBc
vv170ZpdGkmy7dit,lz31-vv170ZpdGkmy7dit
vv1ke8vbfsGAu8ku6,lz32-vv1ke8vbfsGAu8ku6
Z7r9jZ1Ae0ab-,lz33-Z7r9jZ1Ae0ab-
vv1AaZA-kGkdwXpTY,lz35-vv1AaZA-kGkdwXpTY
vv1k0ZpAG9G7VJae,lz36-vv1k0ZpAG9G7VJae
vvG1iZ4mpekv3h,lz37-vvG1iZ4mpekv3h
vv170Z4UGkTgLkW9,lz38-vv170Z4UGkTgLkW9
Z7r9jZ1Aex7jx,lz39-Z7r9jZ1Aex7jx
vvG1iZp7S9fgib,lz40-vvG1iZp7S9fgib
vv1AaZA-fGkePGSb0,lz41-vv1AaZA-fGkePGSb0
vv1k0Zp77FG7l0WL,lz42-vv1k0Zp77FG7l0WL
vv1AaZAq-GkdsXAUp,lz43-vv1AaZAq-GkdsXAUp
vv170Zp7Gkn2wSe5,lz44-vv170Zp7Gkn2wSe5
vv1AaZA-KGkdzZgmS,lz45-vv1AaZA-KGkdzZgmS
Z7r9jZ1AexvAO,lz47-Z7r9jZ1AexvAO
vv170ZpdGkz-9U--,lz48-vv170ZpdGkz-9U--
vv1AaZA-bGkdjuJNL,lz49-vv1AaZA-bGkdjuJNL
vvG1iZ4ER5HSrU,lz50-vvG1iZ4ER5HSrU
vvG1iZ4MKDUwP7,lz51-vvG1iZ4MKDUwP7
vv1AaZAqwGkdkFgBW,lz53-vv1AaZAqwGkdkFgBW
vv1AaZA-kGkdrek-B,lz54-vv1AaZA-kGkdrek-B
vv1AaZA-oGkdQK0X2,lz56-vv1AaZA-oGkdQK0X2
vvG10Z4lUnlxD-,lz57-vvG10Z4lUnlxD-
vvG1IZ4gdcN7_D,lz58-vvG1IZ4gdcN7_D
vvG1iZ4MJtHoBR,lz59-vvG1iZ4MJtHoBR
vv1AaZA--GketS3wP,lz60-vv1AaZA--GketS3wP
Z7r9jZ1Ae-d4t,lz61-Z7r9jZ1Ae-d4t
Z7r9jZ1Ae088s,lz63-Z7r9jZ1Ae088s
Z7r9jZ1AePk_F,lz67-Z7r9jZ1AePk_F
vv1aaZAOV0JjpZeGF,lz68-vv1aaZAOV0JjpZeGF
Z7r9jZ1Ae04q_,lz69-Z7r9jZ1Ae04q_
vv1AaZAOsGkewseWG,lz72-vv1AaZAOsGkewseWG
vv1AaZA-7GkdTJp1Q,lz73-vv1AaZA-7GkdTJp1Q
Z7r9jZ1AexAoO,lz74-Z7r9jZ1AexAoO
Z7r9jZ1Ae-VZ6,lz75-Z7r9jZ1Ae-VZ6
vvG1iZp7DHvpfZ,lz76-vvG1iZp7DHvpfZ
Z7r9jZ1AexfrK,lz79-Z7r9jZ1AexfrK
vvG1iZpdxKAS5g,lz80-vvG1iZpdxKAS5g
Z7r9jZ1Ae0UGy,lz81-Z7r9jZ1Ae0UGy
Z7r9jZ1Ae0yvU,lz82-Z7r9jZ1Ae0yvU
Z7r9jZ1Aex338,lz83-Z7r9jZ1Aex338
Z7r9jZ1Ae-0uo,lz86-Z7r9jZ1Ae-0uo
vv1AaZA-0GkdzrMF8,lz87-vv1AaZA-0GkdzrMF8
vv1k0Zpd0OG7mkgt,lz88-vv1k0Zpd0OG7mkgt
Z7r9jZ1Ae0x8I,lz89-Z7r9jZ1Ae0x8I
vvG1iZpdNK9fs_,lz90-vvG1iZpdNK9fs_
vvG1iZ4zMRWPFD,lz91-vvG1iZ4zMRWPFD
vv1ke8vbCfGA25EpL,lz92-vv1ke8vbCfGA25EpL
Z7r9jZ1Ae0k4S,lz93-Z7r9jZ1Ae0k4S
Z7r9jZ1AexZZF,lz94-Z7r9jZ1AexZZF
vv170ZpdGkTQKUzX,lz95-vv170ZpdGkTQKUzX
Z7r9jZ1AeOYFt,lz96-Z7r9jZ1AeOYFt
Z7r9jZ1AePIut,lz99-Z7r9jZ1AePIut
vvG1iZpddIJf6d,lz100-vvG1iZpddIJf6d
vvG1iZperQkswr,lz101-vvG1iZperQkswr
vvG1iZ4YkCnvs6,lz102-vvG1iZ4YkCnvs6
vvG1iZpkQcw0n7,lz103-vvG1iZpkQcw0n7
vv1AaZArdGkd5NgC8,lz105-vv1AaZArdGkd5NgC8
Z7r9jZ1AexZ7s,lz108-Z7r9jZ1AexZ7s
Z7r9jZ1Ae0auz,lz109-Z7r9jZ1Ae0auz
vv170Z4yGknibeik,lz110-vv170Z4yGknibeik
vv1AaZA-bGkdEAUne,lz113-vv1AaZA-bGkdEAUne
vv1AaZAOsGkdP409Q,lz114-vv1AaZAOsGkdP409Q
vvG1iZpdeBvKJl,lz115-vvG1iZpdeBvKJl
vv1AaZAOJGkdYlSTf,lz117-vv1AaZAOJGkdYlSTf
Z7r9jZ1Ae-su9,lz118-Z7r9jZ1Ae-su9
Z7r9jZ1Aexa0b,lz119-Z7r9jZ1Aexa0b
Z7r9jZ1Ae06_N,lz124-Z7r9jZ1Ae06_N
vv1ke8vbo_GA1Bd5c,lz126-vv1ke8vbo_GA1Bd5c
vv170Zp7GkH3UM10,lz130-vv170Zp7GkH3UM10
vv1AaZArfGkdC14P7,lz131-vv1AaZArfGkdC14P7
Z7r9jZ1AePSfP,lz133-Z7r9jZ1AePSfP
vvG1iZpdM4C0xJ,lz134-vvG1iZpdM4C0xJ
vvG1iZpAJSTV0b,lz135-vvG1iZpAJSTV0b
Z7r9jZ1AePSoM,lz136-Z7r9jZ1AePSoM
vv1AaZArkGkd_Fp3d,lz137-vv1AaZArkGkd_Fp3d
vv1ke8vb38GAuQ71C,lz138-vv1ke8vb38GAuQ71C
vv170Zp7GkBPi0OV,lz139-vv170Zp7GkBPi0OV
vv1AaZA-PGkezkVzC,lz143-vv1AaZA-PGkezkVzC
Z7r9jZ1AexZx7,lz145-Z7r9jZ1AexZx7
vvG1iZpeLK-wbt,lz147-vvG1iZpeLK-wbt
vv1AaZA-_GkdpoPU1,lz148-vv1AaZA-_GkdpoPU1
vvG1iZ4zJLFxUx,lz153-vvG1iZ4zJLFxUx
vvG1iZpdxKOdGx,lz155-vvG1iZpdxKOdGx
vvG1iZp7Tg2fVl,lz157-vvG1iZp7Tg2fVl
Z7r9jZ1AeJ6bF,lz158-Z7r9jZ1AeJ6bF
vv170ZpdGkSR64pr,lz159-vv170ZpdGkSR64pr
vv170ZpAGkYuGEcu,lz160-vv170ZpAGkYuGEcu
vvG1iZ4ISwmVIJ,lz161-vvG1iZ4ISwmVIJ
vv170Zp7GknrHdmt,lz162-vv170Zp7GknrHdmt
vv170ZpdGkMlag63,lz163-vv170ZpdGkMlag63
vv1AaZAqJGkeltKCY,lz168-vv1AaZAqJGkeltKCY
vv170Z4zGkMYJzGp,lz169-vv170Z4zGkMYJzGp
vvG1iZpdM1VfpP,lz170-vvG1iZpdM1VfpP
vv16aZAOsZvZACkAk6,lz179-vv16aZAOsZvZACkAk6
Z7r9jZ1AeOzPN,lz180-Z7r9jZ1AeOzPN
vv1k0ZpA8dG7UJpo,lz181-vv1k0ZpA8dG7UJpo
vv1AaZA-kGkdGVkZ6,lz184-vv1AaZA-kGkdGVkZ6
vvG1iZpAJUefJU,lz185-vvG1iZpAJUefJU
vvG1iZ4Vn6XoRO,lz186-vvG1iZ4Vn6XoRO
vvG1iZpkMlc7VL,lz187-vvG1iZpkMlc7VL
vvG1iZ4MCjR-fc,lz188-vvG1iZ4MCjR-fc
