Eid,genre
vvG1iZ4gUsesPj,genre:Comedy|subgenre:Comedy
vv1ke8v9P_GA1Qxqo,genre:Comedy|subgenre:Comedy
Z7r9jZ1AejdvP,genre:Miscellaneous|subgenre:Miscellaneous
vvG1iZ4nhMLNKf,genre:Comedy|subgenre:Comedy
vv1F0ZpAFdugZduG7,genre:Variety|subgenre:Cabaret
Z7r9jZ1Aeqdq4,genre:Theatre|subgenre:Musical
Z7r9jZ1Ae0ab-,genre:Miscellaneous|subgenre:Miscellaneous
vvG1iZ4mpekv3h,genre:Miscellaneous Theatre|subgenre:Miscellaneous Theatre
vv170Z4UGkTgLkW9,genre:Comedy|subgenre:Comedy
vvG1iZp7S9fgib,genre:Dance|subgenre:Dance
vv1AaZA-fGkePGSb0,genre:Miscellaneous Theatre|subgenre:Miscellaneous Theatre
vvG1iZ4ER5HSrU,genre:Comedy|subgenre:Comedy
vvG10Z4lUnlxD-,genre:Classical|subgenre:Symphonic
Z7r9jZ1Ae088s,genre:Performance Art|subgenre:Performance Art
vvG1iZp7DHvpfZ,genre:Children's Theatre|subgenre:Children's Theatre
Z7r9jZ1Ae0yvU,genre:Miscellaneous|subgenre:Miscellaneous
Z7r9jZ1Aex338,genre:Theatre|subgenre:Musical
Z7r9jZ1Ae-0uo,genre:Miscellaneous|subgenre:Miscellaneous
Z7r9jZ1Ae0x8I,genre:Opera|subgenre:Opera
vvG1iZpdNK9fs_,genre:Theatre|subgenre:Miscellaneous
vvG1iZpddIJf6d,genre:Comedy|subgenre:Comedy
vv1AaZArdGkd5NgC8,genre:Magic & Illusion|subgenre:Magic
Z7r9jZ1Ae0auz,genre:Miscellaneous|subgenre:Miscellaneous
vv170Zp7GkH3UM10,genre:Children's Theatre|subgenre:Children's Theatre
Z7r9jZ1AePSfP,genre:Miscellaneous|subgenre:Miscellaneous
Z7r9jZ1AePSoM,genre:Theatre|subgenre:Musical
vv1AaZArkGkd_Fp3d,genre:Theatre|subgenre:Musical
vv1AaZA-PGkezkVzC,genre:Dance|subgenre:Dance
vvG1iZpeLK-wbt,genre:Theatre|subgenre:Comedy
vvG1iZ4zJLFxUx,genre:Theatre|subgenre:Comedy
vvG1iZpdM1VfpP,genre:Dance|subgenre:Dance
vvG1iZ4Vn6XoRO,genre:Theatre|subgenre:Drama
vvG1iZpkMlc7VL,genre:Dance|subgenre:Dance
vvG1iZ4MCjR-fc,genre:Theatre|subgenre:Drama
