Eid,Aid
Z7r9jZ1AeJeAb,K8vZ9175O90bos1
vv1AvZAqoGkenSzra,K8vZ917pke0bos11
vv1AvZA-gGkd6sosx,K8vZ917G18Vbos15
vv1AvZAqPGkeD7KSq,K8vZ9179SdVbos16
vv177ZpdGkXV3U0v,K8vZ917uFQVbos17
G5vVZpkKtD7mu,K8vZ9171GR7bos18
vv1k7ZpkfeG7IQcl,K8vZ9173vj7bos19
vv1AvZAqIGkd8CEPc,K8vZ917uNOfbos20
vv1A8v98-GAGfn-0,K8vZ917uABVbos21
vv1AvZA-kGkdu9I6a,K8vZ9175x_Vbos22
vv1k7ZpA_sG7M38n,K8vZ917KuW0bos23
G5vVZpALYl0Qm,K8vZ917G4b0bos26
vv1A8v9GkGAG4oU3,K8vZ917uFpVbos28
vv1AvZAOzGkd21bE-,K8vZ91780o0bos29
vv177ZpeGkSywfa8,K8vZ917GEfVbos30
vv177Z4MGkzFhITf,K8vZ9173hY0bos31
vv1AvZA-PGkdn5Qk_,K8vZ917GElfbos32
vv177ZpAGktxEo0J,K8vZ917ppwfbos34
vv177Z4UGkMHjz1i,K8vZ917G3QVbos35
vv117ZpAQ7-KAp,K8vZ9171Gt7bos36
vv1AvZAr7GkdFxPTE,K8vZ9171bqfbos38
vv168vb_7vtZ72dad,K8vZ9175t2Vbos39
vv1AvZAqPGkdBWJEv,K8vZ917GF37bos40
vv177Z4zGkDpvghX,K8vZ91714jfbos41
vv177Z4UGkRlZIt4,K8vZ917u_tVbos42
vv1AvZArdGkdvL4OR,K8vZ917C1E0bos43
vv1A8v9b-GACPM7c,K8vZ917ukdVbos44
vv1k7Z4gZbG7TD_s,K8vZ9179MO7bos45
vv16vZArv7SZACaa28,K8vZ91718i0bos46
vv1AvZAOYGkduLPpP,K8vZ9174QgVbos47
vv177Z40GkMov4mn,K8vZ91719f7bos48
vv1A8vb19GAGMsWI,K8vZ9171KEVbos49
vv1A8v9-aGAuMNVy,K8vZ91756sfbos50
G5vVZp7T4L76d,K8vZ917bSc0bos51
vv168vb8O1eZ75Gaa,K8vZ917GtFVbos52
vvG17Z4lDPhkAL,K8vZ9174gLfbos54
vv177Z4UGkY_0nQh,K8vZ91722-7bos55
vv168vb3obOZ755FF,K8vZ917KEo7bos56
vv1AvZAqMGkdj70Ka,K8vZ9172cpfbos57
G5vVZpdwIJSeT,K8vZ9171DF0bos60
G5vVZ4SDZsx7q,K8vZ91719f7bos61
G5vVZp7Rmr7x5,K8vZ9171GN0bos62
G5vVZ4UTv5dcd,K8vZ9171uN0bos63
vv177Z4UGkBnu7gz,K8vZ917Gm77bos64
vv1AvZA-kGkdP_FyU,K8vZ917oZl0bos67
vv1A8vbuOGA5Qcsj,K8vZ91734Gfbos68
vv177Z4UGkMiGMxu,K8vZ917KOMfbos69
vv1AvZAq-Gkd78ph8,K8vZ9171aofbos71
vv1AvZAq4Gkeyg74E,K8vZ917Caq7bos72
vv117Z4zOF7ax7,K8vZ9175X4fbos75
vv16vZA-K7fZA5u265,K8vZ9171FG7bos76
vv177Z4SGkVxfM-X,K8vZ9171Nr7bos77
G5vVZpAb480Ir,K8vZ9172p30bos78
vv1k7Z4MZ9G7VMD1,K8vZ91712CVbos80
vv1AvZAqPGkdjwg6E,K8vZ91734Gfbos81
vv1A8vbfSGACrcU4,K8vZ917K_tVbos82
vv16vZAjIF4ZA81A2C,K8vZ9171JN0bos83
vv168v98Na4Z7GAeA,K8vZ9171B-0bos84
vv177Z4MGkmQmK6t,K8vZ917uN8fbos86
Z7r9jZ1Aex3-9,K8vZ917GQQ0bos87
vv177ZpeGkXHeh5y,K8vZ9172SV0bos88
Z7r9jZ1Ae0tq8,K8vZ917uQifbos90
vv177Zp7GkmvmwlH,K8vZ917psrVbos91
vv1A8v9xZGAGhaPv,K8vZ917pc77bos92
vv1AvZAqgGkdbZpcc,K8vZ917bqMVbos93
vv1AvZArvGkdy2VIq,K8vZ917uyb0bos95
vv1avZArvZ0QZZe8A,K8vZ9179_y0bos96
vv177ZpAGkiwkuht,K8vZ9175wo7bos97
vv1a8v9xvPaj6v5,K8vZ917GIf0bos100
vv177Z4zGklRMiL-,K8vZ917p5_0bos101
vv16vZAr8jZZAueCC5,K8vZ9175Zffbos103
vv1AvZAOgGke0JdbR,K8vZ9171Gy0bos105
vv1k7Z4zF3G7mac-,K8vZ917bArVbos108
G5vVZpdfKOfaW,K8vZ9171CD7bos109
vv1AvZAqwGkdQCMOd,K8vZ9171uI7bos110
vv177Z4zGkU43dmp,K8vZ91719RVbos112
vv1AvZA-3Gkd5ZlJ2,K8vZ917Ga4fbos113
Z7r9jZ1AePIAd,K8vZ917GPZVbos114
vv177Z4UGkMbik0-,K8vZ917p-Y7bos116
vv177ZpeGknjJKmC,K8vZ917p5KVbos117
vv177Z4UGkBwA4oW,K8vZ917pHw7bos118
G5vVZ4UXTGKIa,K8vZ91718hVbos120
vv1AvZAr6Gkdqakov,K8vZ9171uw7bos121
vv1AvZAOsGkdvaS_b,K8vZ9171IA0bos122
vv177Z4zGky2iQPS,K8vZ9179Vp0bos126
vv1AvZAOYGkdFE4Cg,K8vZ9171ms7bos128
vv1A8vb4kGA5uxZD,K8vZ9171CuVbos131
vv1AvZAOEGkdUHpTo,K8vZ917fFn0bos132
vv177Z4SGkBWnNL8,K8vZ9175ya7bos133
vv177Z4UGkX7VeYj,K8vZ9173dl0bos134
vv177ZpeGkVc-ZIh,K8vZ9175QC7bos136
vv1k7Z4UPPG7ysxB,K8vZ917ph67bos137
vv1AvZAONGkdBVpca,K8vZ9175zP7bos138
vv177ZpdGkMwQaNT,K8vZ91798Vfbos139
vvG17Z4lhCkFSs,K8vZ917baS0bos140
vv177ZpeGkYuLgrT,K8vZ9171Q_Vbos141
vv1A8v9qaGAGGdE_,K8vZ9172TsVbos143
vv1k7Zpd0bG7ib6h,K8vZ917C-P0bos144
vv1k7ZpA1_G7T_XX,K8vZ9171uP0bos146
vv1AvZAq3GkdjVjjj,K8vZ9171u-0bos147
vv177Zp7GkSOGati,K8vZ917KBR0bos149
vv177Zp7GkBuO7ql,K8vZ917CgJfbos151
vv1A8vb3oGA591iD,K8vZ91712UVbos152
vv177Z4zGknAkejW,K8vZ917GDo7bos153
vv168vbueOsZ757G2,K8vZ91716BVbos156
vv1A8v90_GA1PNnd,K8vZ9172u4fbos158
vv177ZpeGkiQgbKE,K8vZ917brK7bos160
Z7r9jZ1AeOy-s,K8vZ917CzIVbos161
vv177ZpeGkXXeluy,K8vZ9172tE0bos162
Z7r9jZ1AeP44k,K8vZ9172pPfbos164
G5vVZpAngMVrz,K8vZ9175MS7bos165
Z7r9jZ1AexfoS,K8vZ9175g2fbos166
vv177Zp7GkyZmcY8,K8vZ917bwZfbos167
vv1A8v9GkGAC2szo,K8vZ917pDrVbos168
vv1AvZAqKGkdAUgLD,K8vZ917fK2Vbos169
Z7r9jZ1Aexe40,K8vZ9171_aVbos173
Z7r9jZ1AeOJ3v,Z7r9jZaGZVbos174
vv177Z4zGkSz-hlS,K8vZ917GcCfbos175
vv1AvZA--GkdXeB2Q,K8vZ9171-Kfbos176
vv1A8vb4YGA2Ttpc,K8vZ9171F-fbos177
vv1AvZA-bGkd8Q6r2,K8vZ9171O_Vbos178
vv1A8v9xdGA1TzEN,K8vZ91711dfbos179
vv177Zp7GkBOrJ2V,K8vZ917Gkv0bos180
vv1k7Z4tZeG7lnDp,K8vZ9171CCVbos181
vv1A8vbbxGA12cvE,K8vZ917Cwz0bos182
Z7r9jZ1Ae0-OY,K8vZ9175m7Vbos183
Z7r9jZ1Aex3-4,K8vZ91752V7bos184
vv1AvZAONGkdTikgr,K8vZ917GIKVbos185
Z7r9jZ1Aexfqp,K8vZ917Cvs0bos188
Z7r9jZ1Ae-Ivx,K8vZ91713g7bos189
vv1k7Z4M7wG7RyfK,K8vZ917GrQfbos190
Z7r9jZ1AerauM,K8vZ917GkA0bos191
vv168v978C4Z7u5Ca,K8vZ917KLM7bos193
vv177ZpeGkR0_kN6,K8vZ9179YL7bos194
vv16vZArFowZA51d6v,K8vZ9179kFVbos195
vv1AvZA-kGkeUxJsF,K8vZ917fHIVbos196
vv177ZpdGksj6oP1,K8vZ917Chm7bos198
vv1A8v9-tGA2DVbh,K8vZ9175MzVbos200
